epoch,time,train/box_loss,train/cls_loss,train/dfl_loss,metrics/precision(B),metrics/recall(B),metrics/mAP50(B),metrics/mAP50-95(B),val/box_loss,val/cls_loss,val/dfl_loss,lr/pg0,lr/pg1,lr/pg2
1,36.5472,1.77427,8.85158,0.00341,0.00013,0.02247,0.00395,0.00308,1.47419,10.3927,0.00331,8.335e-05,8.335e-05,8.335e-05
2,71.8179,1.75719,8.37929,0.00301,0.00029,0.06742,0.00512,0.00095,1.48596,10.3151,0.00334,0.00018337,0.00018337,0.00018337
3,106.612,1.60955,8.93862,0.00293,0.00022,0.05618,0.01211,0.00165,1.51712,10.2904,0.00338,0.000283387,0.000283387,0.000283387
4,141.921,1.5845,6.79317,0.00272,0.00026,0.04876,0.00525,0.00096,1.36459,9.97385,0.00297,0.000383402,0.000383402,0.000383402
5,176.938,1.70656,7.722,0.0029,9e-05,0.02247,0.00239,0.00073,1.36394,9.84749,0.00296,0.000483411,0.000483411,0.000483411
6,212.328,1.51849,5.48809,0.00291,5e-05,0.01124,4e-05,0,1.31624,9.73699,0.00284,0.000583414,0.000583414,0.000583414
7,262.618,1.46839,6.43893,0.0026,0,0,0,0,1.32325,9.57661,0.00294,0.00068341,0.00068341,0.00068341
8,328.485,1.64472,5.46791,0.00283,0.00039,0.06604,0.00046,0.00034,1.24408,9.3789,0.00275,0.000783396,0.000783396,0.000783396
9,393.493,1.52238,5.48766,0.00286,0.00245,0.42389,0.01207,0.00764,1.2374,9.03317,0.00273,0.000883372,0.000883372,0.000883372
10,440.924,1.37595,4.6966,0.00222,0.00319,0.57081,0.01428,0.00743,1.28646,9.03498,0.00284,0.000983335,0.000983335,0.000983335
11,475.383,1.51466,4.44388,0.0027,0.00464,0.83305,0.28696,0.16,1.23824,8.62556,0.00272,0.00108329,0.00108329,0.00108329
12,511.733,1.43228,4.75571,0.00283,0.00517,0.86835,0.41905,0.23363,1.45207,8.51647,0.00315,0.00118322,0.00118322,0.00118322
13,549.52,1.57428,4.15748,0.00293,0.00618,0.94541,0.7096,0.42891,1.2602,7.84837,0.00285,0.00128314,0.00128314,0.00128314
14,589.118,1.46953,4.03496,0.00265,0.94938,0.3482,0.73582,0.44056,1.37249,7.39778,0.00309,0.00138304,0.00138304,0.00138304
15,643.477,1.38207,3.95711,0.00263,0.9698,0.4101,0.75304,0.42242,1.5645,7.35844,0.00348,0.00148292,0.00148292,0.00148292
16,680.767,1.46252,3.48297,0.00264,0.79782,0.54291,0.82429,0.50094,1.43,6.65902,0.00311,0.00158278,0.00158278,0.00158278
17,735.202,1.39667,4.24202,0.00248,0.88034,0.60291,0.85965,0.5062,1.4914,6.54389,0.00325,0.00166596,0.00166596,0.00166596
18,777.538,1.50884,4.0183,0.00285,0.83327,0.73691,0.86989,0.53409,1.38197,5.96102,0.00302,0.00166582,0.00166582,0.00166582
19,818.589,1.59773,3.91781,0.00266,0.75786,0.73691,0.82914,0.48736,1.45561,5.80078,0.00317,0.00166568,0.00166568,0.00166568
20,936.911,1.48907,3.43007,0.00259,0.70841,0.63288,0.81376,0.51132,1.36755,5.3105,0.00304,0.00166553,0.00166553,0.00166553
21,992.758,1.59633,2.97654,0.00271,0.77502,0.60618,0.806,0.49299,1.45203,5.18763,0.00333,0.00166537,0.00166537,0.00166537
22,1056.85,1.56262,3.18522,0.00288,0.77967,0.69124,0.83452,0.5095,1.42759,4.7697,0.00315,0.0016652,0.0016652,0.0016652
23,1133.12,1.57812,3.45185,0.00295,0.76321,0.72144,0.84945,0.52235,1.37415,4.51257,0.00291,0.00166503,0.00166503,0.00166503
24,1169.71,1.5163,3.34137,0.00269,0.80251,0.75556,0.87977,0.582,1.21577,4.11115,0.00267,0.00166485,0.00166485,0.00166485
25,1208.41,1.49228,2.86839,0.00271,0.82316,0.76479,0.89379,0.61828,1.15537,3.92669,0.00255,0.00166466,0.00166466,0.00166466
26,1276.44,1.325,3.14073,0.00233,0.8577,0.86388,0.91429,0.58663,1.30829,3.78298,0.003,0.00166446,0.00166446,0.00166446
27,1343.51,1.32795,2.13787,0.00249,0.86059,0.84588,0.91587,0.57879,1.34408,3.70334,0.00313,0.00166425,0.00166425,0.00166425
28,1397.03,1.49332,2.9397,0.00271,0.86421,0.83665,0.92154,0.57456,1.3669,3.53865,0.0031,0.00166403,0.00166403,0.00166403
29,1471.43,1.49122,2.71165,0.00247,0.8081,0.84407,0.90538,0.54204,1.4594,3.54849,0.00334,0.00166381,0.00166381,0.00166381
30,1518.02,1.52404,2.02929,0.00264,0.81343,0.82881,0.89733,0.61157,1.19543,3.17071,0.00266,0.00166358,0.00166358,0.00166358
31,1601.55,1.37945,2.63276,0.0027,0.85201,0.80276,0.89998,0.62668,1.13011,3.02149,0.00247,0.00166334,0.00166334,0.00166334
32,1667.94,1.48511,2.18285,0.00249,0.78145,0.82501,0.89873,0.58625,1.20403,2.95377,0.00265,0.00166309,0.00166309,0.00166309
33,1727.91,1.41017,2.15092,0.00248,0.79893,0.83062,0.90387,0.60358,1.1178,2.80317,0.00244,0.00166283,0.00166283,0.00166283
34,1815.73,1.3238,2.04198,0.00245,0.81908,0.83089,0.91059,0.61482,1.14676,2.65595,0.00248,0.00166257,0.00166257,0.00166257
35,1854.1,1.23168,2.26778,0.00212,0.81879,0.78988,0.91584,0.60218,1.21024,2.61799,0.00262,0.0016623,0.0016623,0.0016623
36,1911.55,1.29936,2.36132,0.00234,0.85656,0.82413,0.92309,0.60859,1.19841,2.5763,0.00268,0.00166202,0.00166202,0.00166202
37,1990.16,1.38594,1.91095,0.0024,0.80918,0.85351,0.92508,0.62824,1.14569,2.47713,0.00259,0.00166173,0.00166173,0.00166173
38,2058.78,1.25797,2.2151,0.00239,0.81998,0.86824,0.92599,0.62099,1.15711,2.26662,0.00258,0.00166143,0.00166143,0.00166143
39,2127.18,1.38105,2.05964,0.0024,0.84053,0.8398,0.93017,0.63379,1.17004,2.27294,0.00261,0.00166113,0.00166113,0.00166113
40,2190.29,1.32294,1.88244,0.00241,0.78464,0.86499,0.93999,0.65758,1.10375,2.23173,0.00245,0.00166081,0.00166081,0.00166081
41,2263.56,1.28882,1.90864,0.00221,0.80233,0.88661,0.94532,0.65958,1.09201,2.13613,0.0024,0.00166049,0.00166049,0.00166049
42,2327.23,1.30699,1.58043,0.00227,0.88283,0.86585,0.95117,0.66489,1.10294,1.99488,0.00241,0.00166016,0.00166016,0.00166016
43,2412.95,1.29035,1.72035,0.00231,0.83879,0.88674,0.95133,0.64776,1.17725,1.96859,0.00261,0.00165983,0.00165983,0.00165983
44,2526.21,1.34166,1.70799,0.00241,0.8595,0.87623,0.94705,0.6424,1.19225,1.85782,0.00266,0.00165948,0.00165948,0.00165948
45,32.4157,1.25306,1.544,0.00214,0.87585,0.88111,0.94877,0.65486,1.18588,0.98867,0.00269,0.00165913,0.00165913,0.00165913
46,60.0221,1.36466,1.60832,0.00225,0.89342,0.87311,0.94737,0.64765,1.20931,0.97601,0.00273,0.00165877,0.00165877,0.00165877
47,88.236,1.32314,1.75619,0.00236,0.87913,0.86252,0.9538,0.65086,1.1532,0.98503,0.00261,0.0016584,0.0016584,0.0016584
48,116.897,1.32344,1.39016,0.00226,0.85502,0.84221,0.94308,0.65182,1.1388,1.01856,0.0026,0.00165802,0.00165802,0.00165802
49,145.315,1.37244,1.57509,0.00228,0.81261,0.85,0.91168,0.64398,1.07694,1.08895,0.00234,0.00165764,0.00165764,0.00165764
50,172.903,1.26771,1.28152,0.00235,0.75623,0.91725,0.89944,0.62454,1.10155,1.18016,0.00243,0.00165724,0.00165724,0.00165724
51,200.667,1.20951,1.43261,0.0021,0.74255,0.92092,0.88876,0.6507,0.99799,1.31855,0.00221,0.00165684,0.00165684,0.00165684
52,228.459,1.24832,1.24793,0.00205,0.77485,0.89979,0.91675,0.64545,1.07258,1.43202,0.00239,0.00165643,0.00165643,0.00165643
53,256.687,1.17098,1.29368,0.00204,0.91901,0.87682,0.95446,0.68113,1.03891,1.62868,0.00228,0.00165601,0.00165601,0.00165601
54,284.828,1.22272,1.17033,0.00191,0.89274,0.91856,0.95862,0.67677,1.08084,1.80837,0.00238,0.00165559,0.00165559,0.00165559
55,312.449,1.328,1.18149,0.00227,0.89656,0.91531,0.96688,0.62825,1.33471,2.17845,0.00303,0.00165515,0.00165515,0.00165515
56,340.067,1.23096,1.22602,0.00227,0.90767,0.90159,0.96807,0.66373,1.16881,2.15195,0.0026,0.00165471,0.00165471,0.00165471
57,367.835,1.19376,1.122,0.00214,0.92029,0.85606,0.96116,0.61629,1.30673,2.10728,0.00296,0.00165426,0.00165426,0.00165426
58,395.368,1.288,1.1634,0.00227,0.8954,0.90513,0.96353,0.632,1.2529,1.95613,0.00286,0.00165381,0.00165381,0.00165381
59,422.511,1.32592,1.12133,0.00263,0.9417,0.85731,0.96935,0.6624,1.13267,1.65999,0.00258,0.00165334,0.00165334,0.00165334
60,450.258,1.40069,1.01458,0.00256,0.90541,0.90536,0.9735,0.66664,1.1367,1.52322,0.00258,0.00165287,0.00165287,0.00165287
61,477.763,1.21215,1.12287,0.00214,0.91085,0.8895,0.96686,0.63109,1.2506,1.34606,0.00278,0.00165238,0.00165238,0.00165238
62,504.913,1.29062,1.15805,0.00241,0.94345,0.85446,0.96802,0.62533,1.26523,1.25257,0.00278,0.00165189,0.00165189,0.00165189
63,532.653,1.38977,1.16787,0.0023,0.89829,0.89946,0.96589,0.59307,1.30657,1.23192,0.00282,0.0016514,0.0016514,0.0016514
64,560.364,1.25071,1.05984,0.00224,0.94857,0.87397,0.97241,0.61744,1.23034,1.1846,0.0027,0.00165089,0.00165089,0.00165089
65,588.569,1.28755,0.96466,0.00218,0.95712,0.86711,0.97569,0.65874,1.15996,1.13453,0.00273,0.00165038,0.00165038,0.00165038
66,616.101,1.26192,1.01042,0.00218,0.9604,0.88842,0.97487,0.66925,1.12907,1.08779,0.00259,0.00164986,0.00164986,0.00164986
67,643.42,1.27873,1.07758,0.00235,0.93307,0.92046,0.9768,0.69786,1.07447,1.02823,0.00246,0.00164933,0.00164933,0.00164933
68,670.828,1.21918,1.01022,0.00212,0.92432,0.91933,0.9766,0.71153,1.01008,1.04785,0.00224,0.00164879,0.00164879,0.00164879
69,698.013,1.22647,0.997,0.00216,0.89239,0.94923,0.96975,0.70713,0.99866,0.97563,0.00221,0.00164824,0.00164824,0.00164824
70,727.947,1.20348,1.09437,0.00206,0.90482,0.93608,0.97558,0.70034,0.99516,0.9808,0.00219,0.00164769,0.00164769,0.00164769
71,756.452,1.17608,0.82719,0.00218,0.95698,0.92856,0.98005,0.70033,1.00481,0.95916,0.00221,0.00164713,0.00164713,0.00164713
72,784.44,1.21075,0.98248,0.00212,0.90641,0.92523,0.97685,0.68306,1.07104,0.9656,0.00239,0.00164656,0.00164656,0.00164656
73,812.93,1.23363,1.01063,0.00202,0.89666,0.90696,0.96969,0.70123,1.00304,0.93327,0.00221,0.00164598,0.00164598,0.00164598
74,842.299,1.17158,0.83711,0.00195,0.89735,0.94,0.97536,0.7124,0.98302,0.88993,0.0022,0.0016454,0.0016454,0.0016454
75,872.205,1.11416,1.00759,0.0021,0.89331,0.89082,0.96957,0.72218,0.9609,0.96748,0.00214,0.0016448,0.0016448,0.0016448
76,900.867,1.22643,0.95012,0.00202,0.878,0.8873,0.97075,0.73735,0.95157,0.9045,0.00211,0.0016442,0.0016442,0.0016442
77,929.652,1.14808,0.82724,0.00195,0.87782,0.91466,0.97483,0.73272,0.95957,0.87405,0.00207,0.00164359,0.00164359,0.00164359
78,957.514,1.09127,0.81668,0.002,0.89248,0.93428,0.9752,0.7322,0.95181,0.88164,0.00204,0.00164297,0.00164297,0.00164297
79,985.289,1.13715,0.85981,0.00196,0.89892,0.93463,0.97485,0.72071,0.99626,0.84217,0.00217,0.00164235,0.00164235,0.00164235
80,1013.19,1.1439,0.89302,0.00204,0.91414,0.91288,0.97146,0.72309,0.9594,0.82576,0.00207,0.00164172,0.00164172,0.00164172
81,1041.33,1.19078,0.80301,0.00201,0.91407,0.9191,0.96346,0.69081,1.00804,0.90823,0.00218,0.00164108,0.00164108,0.00164108
82,1070.17,1.08247,0.84812,0.00202,0.94847,0.90426,0.96775,0.70465,0.98787,0.90297,0.00213,0.00164043,0.00164043,0.00164043
83,1098.8,1.2112,0.89946,0.0021,0.89605,0.92115,0.97198,0.71634,0.98429,0.87205,0.00215,0.00163977,0.00163977,0.00163977
84,1162.29,1.11092,0.76386,0.00209,0.87684,0.91975,0.9716,0.70816,1.0277,0.8964,0.00231,0.00163911,0.00163911,0.00163911
85,1288.82,1.10153,0.74359,0.00185,0.89337,0.93448,0.97628,0.74092,0.9279,0.86186,0.00203,0.00163843,0.00163843,0.00163843
86,1318.42,1.08578,0.70553,0.00186,0.91405,0.92471,0.97625,0.71991,0.98175,0.84983,0.00215,0.00163775,0.00163775,0.00163775
87,1365.29,1.09522,0.80408,0.00191,0.92001,0.92092,0.97805,0.71244,1.00074,0.79263,0.00224,0.00163707,0.00163707,0.00163707
88,1426.23,1.11914,0.79738,0.00197,0.95333,0.90969,0.98089,0.72445,1.00201,0.77935,0.00223,0.00163637,0.00163637,0.00163637
89,1479.02,1.15438,0.66449,0.00216,0.95493,0.92294,0.98325,0.71367,1.01351,0.81944,0.00222,0.00163567,0.00163567,0.00163567
90,1533.41,1.23168,0.73735,0.00208,0.91138,0.91912,0.98276,0.71691,1.01144,0.84921,0.00222,0.00163496,0.00163496,0.00163496
91,1608.94,1.18491,0.7519,0.00196,0.92851,0.88766,0.9781,0.71181,1.0044,0.85222,0.00219,0.00163424,0.00163424,0.00163424
92,1636.11,1.14901,0.73955,0.00211,0.88935,0.92767,0.97768,0.74301,0.90968,0.77626,0.00197,0.00163351,0.00163351,0.00163351
93,1719.95,1.09151,0.80797,0.00191,0.93535,0.92816,0.98128,0.69587,1.07261,0.74001,0.00238,0.00163277,0.00163277,0.00163277
94,1807.36,1.19419,0.78659,0.00208,0.95039,0.93237,0.98348,0.70761,1.04479,0.73252,0.00231,0.00163203,0.00163203,0.00163203
95,1841.52,1.15156,0.70258,0.00195,0.95897,0.89283,0.98013,0.71697,1.00075,0.72465,0.0022,0.00163128,0.00163128,0.00163128
96,1909.16,1.29116,0.75843,0.00218,0.95606,0.8834,0.97764,0.69827,1.04863,0.77152,0.00237,0.00163052,0.00163052,0.00163052
97,1935.59,1.18738,0.70954,0.00199,0.93485,0.89381,0.9779,0.70959,1.03408,0.73115,0.00226,0.00162976,0.00162976,0.00162976
98,1985.26,1.24927,0.78384,0.00225,0.8615,0.96718,0.97606,0.72168,0.9733,0.69638,0.00205,0.00162898,0.00162898,0.00162898
99,2012.56,1.11773,0.66322,0.00206,0.93262,0.91711,0.98239,0.7382,0.90708,0.67174,0.00193,0.0016282,0.0016282,0.0016282
100,2038.74,1.20311,0.68762,0.00199,0.89375,0.96092,0.98219,0.72721,0.93969,0.69879,0.002,0.00162741,0.00162741,0.00162741
101,2064.96,1.22541,0.73609,0.00189,0.88897,0.9537,0.9804,0.66043,1.16828,0.7208,0.00248,0.00162661,0.00162661,0.00162661
102,2091.29,1.163,0.64994,0.00195,0.95057,0.91047,0.98107,0.68114,1.10383,0.67872,0.00238,0.00162581,0.00162581,0.00162581
103,2117.75,1.13551,0.6508,0.00203,0.90384,0.96809,0.98487,0.72608,0.90263,0.62561,0.0019,0.001625,0.001625,0.001625
104,2144.39,1.25606,0.69794,0.00215,0.92873,0.97198,0.98671,0.72574,0.919,0.63105,0.00192,0.00162418,0.00162418,0.00162418
105,2180.36,1.16955,0.63169,0.00176,0.93215,0.94391,0.9816,0.71194,0.97034,0.64736,0.002,0.00162335,0.00162335,0.00162335
106,2225.99,1.11612,0.65365,0.00204,0.88608,0.94931,0.98131,0.74592,0.87395,0.63144,0.00184,0.00162251,0.00162251,0.00162251
107,2260.62,1.33782,0.70781,0.00234,0.88499,0.937,0.97765,0.72017,0.98172,0.68569,0.00212,0.00162167,0.00162167,0.00162167
108,2295.53,1.16927,0.61823,0.00185,0.90097,0.93167,0.97763,0.72606,0.94826,0.67427,0.00203,0.00162082,0.00162082,0.00162082
109,2331.46,1.11025,0.60579,0.00182,0.95399,0.91814,0.97967,0.73017,0.9407,0.63371,0.00195,0.00161996,0.00161996,0.00161996
110,2363.84,1.20931,0.6543,0.002,0.93982,0.92092,0.98092,0.73285,0.9344,0.6228,0.00194,0.00161909,0.00161909,0.00161909
111,2402.75,1.19717,0.60422,0.00184,0.91281,0.93804,0.97966,0.72788,0.96422,0.64452,0.00205,0.00161822,0.00161822,0.00161822
112,2511.56,1.18187,0.63148,0.00205,0.9698,0.86424,0.9783,0.71118,1.02476,0.6628,0.0022,0.00161733,0.00161733,0.00161733
113,2635.45,1.13303,0.58463,0.00202,0.97152,0.89418,0.98131,0.70463,1.0789,0.61779,0.00242,0.00161645,0.00161645,0.00161645
114,2756.81,1.25969,0.69675,0.00229,0.95925,0.91201,0.98195,0.71867,1.0297,0.60286,0.00229,0.00161555,0.00161555,0.00161555
115,2864.8,1.12982,0.56164,0.0019,0.92759,0.93216,0.98283,0.74845,0.9254,0.592,0.00202,0.00161464,0.00161464,0.00161464
116,2948.4,1.10474,0.61257,0.00192,0.93398,0.91531,0.98092,0.73693,0.94026,0.5829,0.00206,0.00161373,0.00161373,0.00161373
117,3032.37,1.066,0.60126,0.00184,0.94225,0.91149,0.97895,0.74751,0.91216,0.59064,0.00198,0.00161281,0.00161281,0.00161281
118,3149.48,1.03904,0.62133,0.00187,0.92432,0.93558,0.98224,0.7399,0.92881,0.57496,0.00199,0.00161188,0.00161188,0.00161188
119,3189.02,1.24206,0.65052,0.00195,0.94304,0.96089,0.98685,0.71122,1.06403,0.5597,0.00235,0.00161095,0.00161095,0.00161095
120,3265.56,1.02848,0.56233,0.00211,0.96568,0.94144,0.98791,0.72061,1.06201,0.55279,0.00236,0.00161,0.00161,0.00161
121,3328.87,1.13727,0.60714,0.00198,0.94908,0.96058,0.98986,0.7109,1.0939,0.5693,0.00248,0.00160905,0.00160905,0.00160905
122,3359.6,1.03098,0.53235,0.00181,0.9298,0.97124,0.98858,0.72535,1.06311,0.55909,0.00237,0.0016081,0.0016081,0.0016081
123,3437.21,1.06601,0.57305,0.00183,0.96725,0.95665,0.98995,0.75309,0.92305,0.50936,0.00197,0.00160713,0.00160713,0.00160713
124,3563.59,1.17408,0.58122,0.00199,0.96941,0.97367,0.99125,0.75325,0.92133,0.49864,0.00198,0.00160616,0.00160616,0.00160616
125,3649.24,1.12208,0.54208,0.0019,0.9537,0.96428,0.98979,0.74842,0.91799,0.50229,0.00201,0.00160518,0.00160518,0.00160518
126,3696.97,0.99884,0.57492,0.00176,0.9527,0.94812,0.98995,0.74436,0.92459,0.5086,0.00206,0.00160419,0.00160419,0.00160419
127,3805.62,1.07096,0.58014,0.00198,0.95959,0.92431,0.98384,0.72984,0.92854,0.52304,0.002,0.00160319,0.00160319,0.00160319
128,3841.01,1.11485,0.61269,0.00185,0.96878,0.91912,0.98378,0.73674,0.88678,0.50617,0.00186,0.00160219,0.00160219,0.00160219
129,3875.96,1.14047,0.62872,0.0019,0.95386,0.9293,0.98312,0.73418,0.94341,0.50371,0.00201,0.00160118,0.00160118,0.00160118
130,3910.54,1.07827,0.51652,0.00191,0.95773,0.95267,0.98486,0.73869,0.92938,0.48519,0.00197,0.00160016,0.00160016,0.00160016
131,3944.96,0.99738,0.52996,0.00187,0.94886,0.94092,0.98922,0.76169,0.87789,0.46356,0.00184,0.00159913,0.00159913,0.00159913
132,3979.66,1.07448,0.59369,0.00187,0.94629,0.96822,0.98888,0.7528,0.92097,0.46038,0.00197,0.0015981,0.0015981,0.0015981
133,4014.72,1.11716,0.53572,0.00187,0.96574,0.96429,0.99146,0.75439,0.91702,0.46469,0.00195,0.00159706,0.00159706,0.00159706
134,4054.46,1.14961,0.62742,0.00208,0.97925,0.95244,0.99062,0.75058,0.93288,0.49967,0.00198,0.00159601,0.00159601,0.00159601
135,4117.22,1.21737,0.58278,0.00208,0.98414,0.93048,0.98861,0.76358,0.88394,0.51925,0.00185,0.00159496,0.00159496,0.00159496
136,4173.16,1.2954,0.59716,0.00214,0.95962,0.96248,0.98847,0.76204,0.91787,0.48163,0.00191,0.00159389,0.00159389,0.00159389
137,4256.25,1.13304,0.51796,0.00195,0.91958,0.95481,0.98385,0.72428,0.97655,0.50742,0.00212,0.00159282,0.00159282,0.00159282
138,4345.43,1.13489,0.54799,0.00191,0.91431,0.95485,0.98482,0.71193,1.00899,0.5154,0.00226,0.00159174,0.00159174,0.00159174
139,4432.52,1.27769,0.59563,0.00212,0.94895,0.94452,0.98661,0.70315,1.06774,0.50454,0.00239,0.00159066,0.00159066,0.00159066
140,4561.45,1.0708,0.56555,0.00187,0.95867,0.96037,0.98799,0.69474,1.10802,0.51072,0.00251,0.00158957,0.00158957,0.00158957
141,4598.02,1.19624,0.57256,0.00208,0.92696,0.95157,0.98558,0.71575,1.01892,0.51302,0.00219,0.00158847,0.00158847,0.00158847
142,4631.94,1.08277,0.54798,0.00203,0.96016,0.93191,0.98768,0.74709,0.92279,0.47239,0.00188,0.00158736,0.00158736,0.00158736
143,4666.12,1.13958,0.49747,0.00188,0.933,0.96303,0.98738,0.7569,0.90061,0.47557,0.00188,0.00158624,0.00158624,0.00158624
144,4704.04,1.01921,0.50396,0.0018,0.91785,0.96549,0.98663,0.76532,0.87879,0.48967,0.00185,0.00158512,0.00158512,0.00158512
145,4743.91,1.10075,0.51499,0.00171,0.90563,0.99439,0.98893,0.75474,0.92618,0.4852,0.00194,0.00158399,0.00158399,0.00158399
146,4778,1.07572,0.52583,0.00173,0.95856,0.95823,0.98989,0.77198,0.8777,0.44649,0.00185,0.00158286,0.00158286,0.00158286
147,4812.49,1.02924,0.54326,0.00178,0.96318,0.93439,0.98817,0.75801,0.92761,0.46751,0.00198,0.00158171,0.00158171,0.00158171
148,4846.91,1.09918,0.48727,0.002,0.97477,0.93324,0.98932,0.76705,0.88245,0.44992,0.00187,0.00158056,0.00158056,0.00158056
149,4881.53,1.04904,0.52293,0.00175,0.95597,0.96356,0.98522,0.77099,0.85606,0.45103,0.00184,0.0015794,0.0015794,0.0015794
150,4915.65,1.06507,0.50297,0.00207,0.95079,0.95103,0.99045,0.76393,0.88405,0.47461,0.00194,0.00157824,0.00157824,0.00157824
151,4950.73,1.09237,0.55697,0.00186,0.93296,0.94959,0.98731,0.74437,0.90521,0.50085,0.00196,0.00157706,0.00157706,0.00157706
152,4986.47,1.03046,0.49758,0.00168,0.95093,0.96809,0.98952,0.75029,0.89386,0.51437,0.00188,0.00157588,0.00157588,0.00157588
153,5021.34,1.04376,0.48131,0.00182,0.93683,0.97364,0.99068,0.76189,0.81577,0.46487,0.00167,0.00157469,0.00157469,0.00157469
154,5056.27,1.04416,0.50566,0.00173,0.91978,0.96067,0.98908,0.74162,0.92836,0.48897,0.00186,0.0015735,0.0015735,0.0015735
155,5091.36,1.19769,0.61949,0.00209,0.94192,0.98003,0.99089,0.74553,0.93873,0.45379,0.00192,0.0015723,0.0015723,0.0015723
156,5126.24,1.06121,0.48938,0.00173,0.97988,0.93619,0.99057,0.76311,0.85084,0.41143,0.0018,0.00157109,0.00157109,0.00157109
157,5160.73,1.12612,0.51284,0.00185,0.94102,0.96844,0.99094,0.73693,0.9557,0.44332,0.00204,0.00156987,0.00156987,0.00156987
158,5195.38,1.13934,0.53314,0.00192,0.977,0.93237,0.99024,0.73517,0.96209,0.45054,0.00209,0.00156865,0.00156865,0.00156865
159,5230.22,1.08038,0.48239,0.00187,0.95352,0.96244,0.99089,0.73897,0.98048,0.46123,0.00214,0.00156742,0.00156742,0.00156742
160,5302.8,1.09641,0.47509,0.00192,0.979,0.94742,0.9905,0.72565,1.01765,0.47169,0.0022,0.00156618,0.00156618,0.00156618
161,5362.84,1.15986,0.53463,0.00189,0.94236,0.98091,0.98822,0.74918,0.94708,0.47869,0.00203,0.00156493,0.00156493,0.00156493
162,5481.82,1.05276,0.45872,0.00183,0.94902,0.97141,0.98969,0.76101,0.90922,0.45345,0.00196,0.00156368,0.00156368,0.00156368
163,5534.03,1.1964,0.51254,0.00193,0.94555,0.98876,0.98941,0.7612,0.90142,0.42873,0.00197,0.00156242,0.00156242,0.00156242
164,50.391,1.02282,0.42407,0.00173,0.92533,0.96351,0.98882,0.74928,0.91793,0.60949,0.00194,0.00156115,0.00156115,0.00156115
165,102.55,1.10905,0.52253,0.00183,0.97762,0.91683,0.98753,0.7593,0.89158,0.57433,0.0019,0.00155988,0.00155988,0.00155988
166,178.617,1.10524,0.50092,0.00193,0.95963,0.92239,0.98794,0.77684,0.81665,0.45067,0.00176,0.0015586,0.0015586,0.0015586
167,284.263,1.05878,0.45547,0.00166,0.96262,0.94383,0.9877,0.77629,0.83171,0.43293,0.0018,0.00155731,0.00155731,0.00155731
168,422.135,1.06741,0.50831,0.00167,0.92281,0.9624,0.98342,0.76228,0.85923,0.45412,0.00187,0.00155602,0.00155602,0.00155602
169,519.847,1.04786,0.46126,0.00188,0.94036,0.92486,0.9816,0.74195,0.91452,0.46472,0.00199,0.00155471,0.00155471,0.00155471
170,662.766,1.02082,0.50999,0.00177,0.94394,0.93614,0.98638,0.74582,0.94845,0.46213,0.00207,0.00155341,0.00155341,0.00155341
171,790.333,1.06276,0.45997,0.00169,0.95009,0.9485,0.98562,0.75773,0.86713,0.44288,0.0019,0.00155209,0.00155209,0.00155209
172,871.016,0.98501,0.46977,0.00168,0.96204,0.93543,0.98875,0.76278,0.89884,0.39626,0.00197,0.00155077,0.00155077,0.00155077
173,906.722,1.02538,0.44192,0.00153,0.94001,0.97121,0.98955,0.76687,0.86392,0.38574,0.00186,0.00154944,0.00154944,0.00154944
174,1019.06,1.01584,0.45823,0.00167,0.96571,0.91885,0.98854,0.77546,0.79601,0.37998,0.00166,0.0015481,0.0015481,0.0015481
175,1068.98,1.01976,0.42605,0.00185,0.96717,0.93118,0.98882,0.76303,0.83861,0.39763,0.00178,0.00154675,0.00154675,0.00154675
176,1102.58,0.9275,0.38984,0.00158,0.96301,0.96035,0.99048,0.75548,0.88715,0.41039,0.00191,0.0015454,0.0015454,0.0015454
177,1134.96,1.07629,0.49463,0.00176,0.95725,0.96889,0.98927,0.7478,0.91565,0.42136,0.00196,0.00154405,0.00154405,0.00154405
178,1167.55,0.9492,0.41338,0.00177,0.9469,0.96608,0.98944,0.7532,0.92039,0.37435,0.00203,0.00154268,0.00154268,0.00154268
179,1199.13,0.95505,0.43748,0.0016,0.96793,0.94932,0.99073,0.74839,0.96002,0.37448,0.00214,0.00154131,0.00154131,0.00154131
180,1231.27,1.0083,0.43081,0.00174,0.94934,0.96405,0.99041,0.7613,0.93123,0.36773,0.00205,0.00153993,0.00153993,0.00153993
181,1264.83,1.01099,0.50686,0.00179,0.98003,0.98267,0.99234,0.7912,0.82862,0.3462,0.00176,0.00153854,0.00153854,0.00153854
182,1299.43,1.11235,0.51248,0.00169,0.96992,0.97933,0.9918,0.79778,0.78183,0.35921,0.00163,0.00153715,0.00153715,0.00153715
183,1335.52,0.95737,0.44769,0.00159,0.94857,0.96663,0.99071,0.7979,0.75475,0.36157,0.00156,0.00153575,0.00153575,0.00153575
184,1371.71,1.00267,0.39798,0.00158,0.92869,0.97371,0.98827,0.7853,0.78611,0.41412,0.00169,0.00153435,0.00153435,0.00153435
185,1407.68,0.93555,0.42528,0.00153,0.93384,0.96318,0.98808,0.78731,0.81484,0.41432,0.00176,0.00153293,0.00153293,0.00153293
186,1444.56,1.04696,0.49503,0.00181,0.9416,0.96809,0.98797,0.78652,0.79714,0.38228,0.00168,0.00153151,0.00153151,0.00153151
187,1482.37,1.04674,0.45795,0.00172,0.97505,0.94396,0.98925,0.79126,0.80562,0.37113,0.0017,0.00153009,0.00153009,0.00153009
188,1520.97,0.94832,0.41632,0.00161,0.96767,0.94539,0.98956,0.78483,0.82889,0.37804,0.00177,0.00152865,0.00152865,0.00152865
189,1560.16,1.0208,0.51286,0.00169,0.97412,0.94144,0.99026,0.79608,0.80317,0.36744,0.0017,0.00152721,0.00152721,0.00152721
190,1600.51,0.91148,0.37407,0.0016,0.97209,0.93513,0.98884,0.79656,0.79023,0.38175,0.00169,0.00152577,0.00152577,0.00152577
191,1641.55,0.98516,0.43361,0.00165,0.94067,0.95931,0.98819,0.77277,0.84913,0.39676,0.00182,0.00152431,0.00152431,0.00152431
192,1682.44,0.98314,0.44882,0.00155,0.97136,0.95437,0.99197,0.77881,0.83663,0.3653,0.00176,0.00152285,0.00152285,0.00152285
193,1719.98,0.95398,0.38061,0.00153,0.98418,0.96428,0.99109,0.78704,0.78858,0.36196,0.00164,0.00152139,0.00152139,0.00152139
194,1755.9,0.89992,0.37636,0.00162,0.98329,0.97016,0.99188,0.78988,0.80302,0.36254,0.00169,0.00151991,0.00151991,0.00151991
195,1791.54,1.02347,0.43731,0.00162,0.98316,0.97341,0.99266,0.76989,0.9132,0.37681,0.00197,0.00151843,0.00151843,0.00151843
196,1826.24,1.03936,0.43755,0.00176,0.98158,0.96608,0.99241,0.75233,0.96373,0.38709,0.00204,0.00151694,0.00151694,0.00151694
197,1862.17,1.06308,0.42622,0.0019,0.99567,0.94109,0.99082,0.78379,0.84293,0.36697,0.00175,0.00151545,0.00151545,0.00151545
198,1896.97,0.90365,0.38644,0.00153,0.94071,0.94217,0.98559,0.79093,0.80671,0.38104,0.00174,0.00151395,0.00151395,0.00151395
199,1932.38,0.95814,0.40371,0.00174,0.91899,0.9493,0.982,0.7768,0.84997,0.39737,0.00186,0.00151244,0.00151244,0.00151244
200,1971.54,1.02774,0.45183,0.00167,0.923,0.96764,0.98716,0.77451,0.85281,0.41346,0.00186,0.00151093,0.00151093,0.00151093
201,2010.93,0.97857,0.41199,0.00178,0.91725,0.9718,0.98849,0.76524,0.86883,0.39408,0.00184,0.00150941,0.00150941,0.00150941
202,2048,1.04694,0.44827,0.00173,0.93595,0.99051,0.98901,0.77298,0.81557,0.38432,0.00169,0.00150788,0.00150788,0.00150788
203,2085.27,0.91294,0.38099,0.00163,0.96288,0.97933,0.99126,0.78816,0.80154,0.36033,0.00166,0.00150635,0.00150635,0.00150635
204,2121.11,0.93505,0.3986,0.0015,0.96308,0.98081,0.99233,0.78325,0.84687,0.34738,0.00176,0.00150481,0.00150481,0.00150481
205,2156.41,0.95268,0.38609,0.00158,0.97337,0.9773,0.99186,0.76602,0.89352,0.355,0.00184,0.00150326,0.00150326,0.00150326
206,2191.09,1.01335,0.43704,0.00171,0.97495,0.96046,0.99217,0.77362,0.87644,0.34411,0.00181,0.00150171,0.00150171,0.00150171
207,2226.23,1.01669,0.42323,0.00175,0.98128,0.9699,0.99363,0.78512,0.8472,0.32368,0.00175,0.00150015,0.00150015,0.00150015
208,2263.91,0.95444,0.38663,0.00168,0.96815,0.96237,0.99254,0.7851,0.84728,0.33444,0.0018,0.00149858,0.00149858,0.00149858
209,2300.32,1.01092,0.39226,0.00159,0.97171,0.97933,0.99316,0.79948,0.7901,0.31373,0.00166,0.00149701,0.00149701,0.00149701
210,2337.01,0.94611,0.37957,0.00148,0.96116,0.95108,0.99133,0.7853,0.8045,0.31225,0.00172,0.00149543,0.00149543,0.00149543
211,2372.72,0.95905,0.39859,0.00168,0.95829,0.97696,0.99239,0.79655,0.79174,0.30896,0.00168,0.00149384,0.00149384,0.00149384
212,2408.11,0.92037,0.4006,0.00154,0.99354,0.94498,0.99223,0.78828,0.80953,0.3345,0.00169,0.00149225,0.00149225,0.00149225
213,2444.21,0.95909,0.37284,0.00159,0.96538,0.97551,0.99278,0.7887,0.80665,0.32463,0.00168,0.00149065,0.00149065,0.00149065
214,2481.19,0.96333,0.36234,0.0016,0.96602,0.9813,0.99302,0.81789,0.7216,0.30596,0.00149,0.00148905,0.00148905,0.00148905
215,2517.53,0.98651,0.41026,0.00161,0.97326,0.98229,0.99353,0.82297,0.69281,0.30329,0.00143,0.00148744,0.00148744,0.00148744
216,2554.37,0.92727,0.38225,0.00147,0.96811,0.9888,0.9934,0.8028,0.753,0.31249,0.00159,0.00148582,0.00148582,0.00148582
217,2589.83,1.02469,0.44231,0.0018,0.98089,0.9927,0.99445,0.80542,0.75419,0.30431,0.00157,0.00148419,0.00148419,0.00148419
218,2626.05,0.8863,0.3488,0.00155,0.9943,0.98433,0.99472,0.82862,0.71966,0.28169,0.00147,0.00148256,0.00148256,0.00148256
219,2661.85,0.95692,0.36582,0.00153,0.98812,0.98126,0.99421,0.7992,0.81655,0.30451,0.00173,0.00148093,0.00148093,0.00148093
220,2698.39,1.07941,0.39449,0.00167,0.96683,0.99236,0.99284,0.76431,0.8998,0.35419,0.00188,0.00147928,0.00147928,0.00147928
221,2734.99,1.08185,0.41253,0.00177,0.97946,0.98633,0.99251,0.75419,0.93736,0.34912,0.00197,0.00147764,0.00147764,0.00147764
222,2772.46,1.05836,0.40484,0.00186,0.96633,0.98495,0.99278,0.76068,0.90152,0.34386,0.002,0.00147598,0.00147598,0.00147598
223,2810.03,1.08001,0.3906,0.00184,0.98419,0.96696,0.99212,0.76637,0.85835,0.34151,0.00187,0.00147432,0.00147432,0.00147432
224,2846.98,1.02238,0.38403,0.0015,0.96769,0.96828,0.99047,0.7811,0.83682,0.36469,0.00171,0.00147265,0.00147265,0.00147265
225,2883.33,0.97021,0.43046,0.00172,0.95756,0.96608,0.99058,0.76144,0.92811,0.38156,0.00189,0.00147098,0.00147098,0.00147098
226,2919.53,1.05794,0.40199,0.00175,0.94159,0.97349,0.99024,0.81214,0.75146,0.31117,0.00156,0.0014693,0.0014693,0.0014693
227,2956.22,1.09131,0.39934,0.00166,0.96715,0.96428,0.99222,0.80585,0.77344,0.30793,0.00161,0.00146761,0.00146761,0.00146761
228,2993.67,0.9909,0.41141,0.00155,0.99383,0.97371,0.994,0.78396,0.83482,0.30858,0.00172,0.00146592,0.00146592,0.00146592
229,3031.56,0.99439,0.40388,0.00163,0.99424,0.9675,0.99347,0.77635,0.9014,0.32462,0.00187,0.00146422,0.00146422,0.00146422
230,3071.24,1.00992,0.36757,0.00151,0.95946,0.9784,0.99282,0.78105,0.84113,0.32849,0.00179,0.00146251,0.00146251,0.00146251
231,3111,0.97619,0.41396,0.00168,0.95292,0.98767,0.9922,0.78884,0.81643,0.32036,0.00173,0.0014608,0.0014608,0.0014608
232,3150.01,0.92081,0.3647,0.00159,0.96911,0.97191,0.99252,0.79234,0.83953,0.33527,0.00176,0.00145908,0.00145908,0.00145908
233,3186.49,0.96745,0.40142,0.00168,0.98275,0.97096,0.99236,0.81318,0.7716,0.30779,0.00161,0.00145736,0.00145736,0.00145736
234,3221.98,0.93446,0.37173,0.00153,0.9906,0.95903,0.99309,0.81989,0.71121,0.29038,0.00147,0.00145563,0.00145563,0.00145563
235,3255.79,0.92061,0.39393,0.00156,0.98337,0.95808,0.99261,0.81542,0.74476,0.31097,0.00156,0.00145389,0.00145389,0.00145389
236,3290.19,0.87714,0.35342,0.00144,0.98459,0.95423,0.99153,0.79703,0.80043,0.32374,0.0017,0.00145215,0.00145215,0.00145215
237,3325.66,0.88102,0.35644,0.00152,0.9863,0.95708,0.99168,0.79948,0.79776,0.32247,0.0017,0.00145041,0.00145041,0.00145041
238,3360.7,0.98663,0.37798,0.00151,0.9881,0.95046,0.9913,0.80797,0.74958,0.30765,0.0016,0.00144865,0.00144865,0.00144865
239,3396.57,0.8453,0.34248,0.0017,0.97861,0.95946,0.99114,0.81716,0.74426,0.30687,0.0016,0.00144689,0.00144689,0.00144689
240,3432,0.9479,0.40695,0.00161,0.95306,0.9696,0.99113,0.79656,0.82107,0.33055,0.00173,0.00144513,0.00144513,0.00144513
241,3467.04,0.90063,0.34983,0.00155,0.96216,0.96428,0.99136,0.80207,0.81892,0.32361,0.00171,0.00144335,0.00144335,0.00144335
242,3501.9,0.90355,0.38225,0.00149,0.98679,0.95866,0.99189,0.78883,0.85632,0.32517,0.00177,0.00144158,0.00144158,0.00144158
243,3536.89,1.01197,0.39798,0.00169,0.9838,0.9473,0.99108,0.79253,0.82047,0.32094,0.0017,0.00143979,0.00143979,0.00143979
244,3572.51,1.01439,0.36507,0.00166,0.98004,0.96809,0.99225,0.81589,0.75697,0.31584,0.00157,0.001438,0.001438,0.001438
245,3607.63,0.9023,0.38527,0.00157,0.97649,0.98634,0.99216,0.80216,0.80415,0.32397,0.00168,0.00143621,0.00143621,0.00143621
246,3643.44,0.87708,0.37565,0.00156,0.9813,0.96363,0.99096,0.81362,0.76585,0.31029,0.0016,0.00143441,0.00143441,0.00143441
247,3679.9,0.94803,0.37257,0.00155,0.99318,0.97371,0.99306,0.82023,0.75113,0.2961,0.00156,0.0014326,0.0014326,0.0014326
248,3718.75,0.91669,0.41374,0.00149,0.96555,0.9836,0.99166,0.80541,0.79507,0.31368,0.00169,0.00143079,0.00143079,0.00143079
249,3760.55,0.94046,0.369,0.00161,0.97986,0.9761,0.99177,0.79913,0.82318,0.32188,0.00176,0.00142897,0.00142897,0.00142897
250,3798.39,0.86396,0.35736,0.00157,0.97378,0.97706,0.99109,0.81784,0.73028,0.3137,0.0015,0.00142714,0.00142714,0.00142714
251,3837.25,0.92958,0.3558,0.00165,0.95506,0.99366,0.99188,0.81167,0.76371,0.3313,0.00159,0.00142531,0.00142531,0.00142531
252,3874.33,0.93653,0.33167,0.00157,0.98296,0.94107,0.99149,0.78909,0.82013,0.36256,0.00176,0.00142348,0.00142348,0.00142348
253,3910.13,0.9333,0.38303,0.00165,0.9842,0.96644,0.99195,0.80395,0.79982,0.33759,0.00171,0.00142164,0.00142164,0.00142164
254,3944.86,1.0023,0.39941,0.00162,0.96534,0.95353,0.99093,0.80754,0.78403,0.34755,0.00162,0.00141979,0.00141979,0.00141979
255,3978.22,0.98391,0.32832,0.00157,0.95326,0.96248,0.99009,0.80774,0.77341,0.34075,0.00161,0.00141794,0.00141794,0.00141794
256,4011.67,0.90805,0.36028,0.00151,0.92065,0.99615,0.9894,0.81603,0.75023,0.32845,0.00156,0.00141608,0.00141608,0.00141608
257,4045.91,0.98623,0.36639,0.00163,0.91586,0.98756,0.9886,0.79854,0.8019,0.35152,0.00172,0.00141421,0.00141421,0.00141421
258,4080.1,0.9879,0.38311,0.00166,0.92184,0.97458,0.98986,0.80262,0.7988,0.34278,0.00172,0.00141234,0.00141234,0.00141234
259,4114.65,0.86081,0.36852,0.00148,0.96053,0.95103,0.99061,0.81871,0.7158,0.31799,0.00148,0.00141047,0.00141047,0.00141047
260,4149.44,1.01359,0.35594,0.00167,0.97799,0.95786,0.9911,0.80121,0.75476,0.3149,0.00156,0.00140859,0.00140859,0.00140859
261,4185.33,0.93764,0.37261,0.00172,0.9666,0.95149,0.98909,0.80937,0.73111,0.3183,0.00151,0.0014067,0.0014067,0.0014067
262,4217.92,0.9348,0.37813,0.00152,0.93822,0.96608,0.98747,0.79687,0.81416,0.33641,0.00173,0.00140481,0.00140481,0.00140481
263,4249.33,0.83015,0.32691,0.00139,0.95692,0.96499,0.98979,0.80429,0.78952,0.31405,0.00169,0.00140291,0.00140291,0.00140291
264,4280.95,0.93214,0.35152,0.00141,0.96126,0.97057,0.99119,0.80436,0.76011,0.29657,0.00163,0.00140101,0.00140101,0.00140101
265,4312.82,0.92086,0.33861,0.00142,0.9789,0.95649,0.99178,0.8019,0.78265,0.3029,0.00168,0.0013991,0.0013991,0.0013991
266,4345.31,0.8722,0.36065,0.00147,0.97667,0.94157,0.98813,0.78754,0.82745,0.34904,0.00178,0.00139718,0.00139718,0.00139718
267,4377.32,0.93651,0.34451,0.00168,0.94512,0.9699,0.9901,0.78841,0.83453,0.32372,0.00184,0.00139526,0.00139526,0.00139526
268,4410.35,0.95371,0.35759,0.00153,0.96877,0.96428,0.99082,0.81418,0.75666,0.29809,0.00164,0.00139334,0.00139334,0.00139334
